{
    "cell_definitions.cell_definition.custom_data.drug_X_permeability": {
        "min": 5.7946e-06,
        "max": 9.81669e-05,
        "loc": 5.612736760563379e-05,
        "scale": 2.3311095334005187e-05
    },
    "cell_definitions.cell_definition.custom_data.drug_X_kon": {
        "min": 4.5622e-06,
        "max": 9.77526e-05,
        "loc": 6.149824647887323e-05,
        "scale": 2.5724448408257353e-05
    },
    "cell_definitions.cell_definition.custom_data.drug_X_koff": {
        "min": 6.06e-08,
        "max": 8.92305e-05,
        "loc": 4.318383802816901e-05,
        "scale": 2.7960956633355563e-05
    },
    "cell_definitions.cell_definition.custom_data.drug_Y_permeability": {
        "min": 1.2854e-06,
        "max": 9.96e-05,
        "loc": 4.7314009859154943e-05,
        "scale": 3.0577527590779816e-05
    },
    "cell_definitions.cell_definition.custom_data.drug_Y_kon": {
        "min": 9.2564e-06,
        "max": 5.99632e-05,
        "loc": 3.342683802816902e-05,
        "scale": 1.6216911820040268e-05
    },
    "cell_definitions.cell_definition.custom_data.drug_Y_koff": {
        "min": 1.19e-08,
        "max": 7.76926e-05,
        "loc": 4.261410140845071e-05,
        "scale": 2.151887547576043e-05
    },
    "cell_definitions.cell_definition.custom_data.hill_coeff_growth": {
        "min": 1.6039570513,
        "max": 14.6991864029,
        "loc": 7.064613923636618,
        "scale": 3.9820518843788255
    },
    "cell_definitions.cell_definition.custom_data.K_half_growth": {
        "min": 0.0045181102,
        "max": 0.6756712157,
        "loc": 0.2742881966943662,
        "scale": 0.1659115019747453
    },
    "cell_definitions.cell_definition.custom_data.hill_coeff_apoptosis": {
        "min": 2.6924679445,
        "max": 14.784145297,
        "loc": 10.067166157132394,
        "scale": 3.3090807406247715
    },
    "cell_definitions.cell_definition.custom_data.K_half_apoptosis": {
        "min": 0.2209985275,
        "max": 0.9864852671,
        "loc": 0.7279149284521128,
        "scale": 0.18709615494941625
    },
    "cell_definitions.cell_definition.custom_data.w_pro_cMYC": {
        "min": 0.0106673744,
        "max": 0.9880486731,
        "loc": 0.5195321760760563,
        "scale": 0.27371224659023874
    },
    "cell_definitions.cell_definition.custom_data.w_pro_TCF": {
        "min": 0.2532927226,
        "max": 0.9779260366,
        "loc": 0.7061857247436619,
        "scale": 0.20026602548934824
    },
    "cell_definitions.cell_definition.custom_data.w_pro_RSK": {
        "min": 0.0205296983,
        "max": 0.9940143145,
        "loc": 0.4776920608154928,
        "scale": 0.29986584846793385
    },
    "cell_definitions.cell_definition.custom_data.w_anti_FOXO": {
        "min": 0.0544956257,
        "max": 0.9830099814,
        "loc": 0.5082391417816903,
        "scale": 0.29198985513606984
    },
    "cell_definitions.cell_definition.custom_data.w_anti_Caspase8": {
        "min": 0.0135241608,
        "max": 0.9894245555,
        "loc": 0.43906442949999996,
        "scale": 0.23871161003787933
    },
    "cell_definitions.cell_definition.custom_data.w_anti_Caspase9": {
        "min": 0.1726434831,
        "max": 0.9837448184,
        "loc": 0.696466339346479,
        "scale": 0.20634540592631845
    },
    "cell_definitions.cell_definition.custom_data.max_apoptosis_rate": {
        "min": 0.0010540198,
        "max": 0.0074893004,
        "loc": 0.004077518177464789,
        "scale": 0.0019505485195065657
    },
    "user_parameters.new_intracellular_dt": {
        "min": 3.39344839,
        "max": 39.0745367163,
        "loc": 17.31958104417324,
        "scale": 9.600938274663694
    },
    "user_parameters.new_scaling": {
        "min": 40.7650474315,
        "max": 947.6871698648,
        "loc": 524.6544232009239,
        "scale": 241.43655853681796
    },
    "cell_definitions.cell_definition.custom_data.response_rate_apoptosis": {
        "min": 0.0954229936,
        "max": 99.5919409283,
        "loc": 43.2830221482338,
        "scale": 29.828322985303835
    },
    "cell_definitions.cell_definition.custom_data.response_rate_growth": {
        "min": 1.7675174811,
        "max": 96.1962460175,
        "loc": 57.80907807055211,
        "scale": 26.232011679008544
    },
    "user_parameters.drug_X_diffusion_coefficient": {
        "min": 6.0,
        "max": 6000.0,
        "loc": 1.0,
        "scale": 50.0
    },
    "user_parameters.drug_Y_diffusion_coefficient": {
        "min": 6.0,
        "max": 6000.0,
        "loc": 1.0,
        "scale": 50.0
    },
    "user_parameters.drug_X_pulse_period": {
        "min": 4.0,
        "max": 4000.0,
        "loc": 1280.0,
        "scale": 1280.0
    },
    "user_parameters.drug_Y_pulse_period": {
        "min": 4.0,
        "max": 4000.0,
        "loc": 1280.0,
        "scale": 1280.0
    }
}