{
    "cell_definitions.cell_definition.custom_data.drug_X_permeability": {
        "min": 8.4221e-06,
        "max": 9.81458e-05,
        "loc": 4.378681282051282e-05,
        "scale": 2.2367222572973257e-05
    },
    "cell_definitions.cell_definition.custom_data.drug_X_kon": {
        "min": 9.9768e-06,
        "max": 7.12113e-05,
        "loc": 3.17589794871795e-05,
        "scale": 1.675279397738373e-05
    },
    "cell_definitions.cell_definition.custom_data.drug_X_koff": {
        "min": 3.4494e-06,
        "max": 9.94235e-05,
        "loc": 5.23729858974359e-05,
        "scale": 3.0450206806001175e-05
    },
    "cell_definitions.cell_definition.custom_data.drug_Y_permeability": {
        "min": 9.739e-07,
        "max": 9.95989e-05,
        "loc": 5.03475076923077e-05,
        "scale": 2.999998028303148e-05
    },
    "cell_definitions.cell_definition.custom_data.drug_Y_kon": {
        "min": 9.3077e-06,
        "max": 5.96972e-05,
        "loc": 3.6435235897435896e-05,
        "scale": 1.6207718344360604e-05
    },
    "cell_definitions.cell_definition.custom_data.drug_Y_koff": {
        "min": 3.9321e-06,
        "max": 7.79831e-05,
        "loc": 3.9813889743589745e-05,
        "scale": 2.0515060130127588e-05
    },
    "cell_definitions.cell_definition.custom_data.hill_coeff_growth": {
        "min": 1.4538098537,
        "max": 14.8218676227,
        "loc": 9.251279173775641,
        "scale": 3.738146918628786
    },
    "cell_definitions.cell_definition.custom_data.K_half_growth": {
        "min": 0.0093308174,
        "max": 0.6801921123,
        "loc": 0.2838183102025641,
        "scale": 0.19491017440421238
    },
    "cell_definitions.cell_definition.custom_data.hill_coeff_apoptosis": {
        "min": 1.0730164466,
        "max": 14.8750660486,
        "loc": 7.87360403534231,
        "scale": 3.6962008870878833
    },
    "cell_definitions.cell_definition.custom_data.K_half_apoptosis": {
        "min": 0.1994390158,
        "max": 0.9965710329,
        "loc": 0.7321360248500002,
        "scale": 0.21272374978066821
    },
    "cell_definitions.cell_definition.custom_data.w_pro_cMYC": {
        "min": 0.0030136433,
        "max": 0.9778520927,
        "loc": 0.4631719340666666,
        "scale": 0.2935178323705752
    },
    "cell_definitions.cell_definition.custom_data.w_pro_TCF": {
        "min": 0.0668445215,
        "max": 0.9917593367,
        "loc": 0.567033635852564,
        "scale": 0.24738956619394356
    },
    "cell_definitions.cell_definition.custom_data.w_pro_RSK": {
        "min": 0.0054320804,
        "max": 0.988868613,
        "loc": 0.4450326514794871,
        "scale": 0.2777753559268462
    },
    "cell_definitions.cell_definition.custom_data.w_anti_FOXO": {
        "min": 0.0289998826,
        "max": 0.9802631057,
        "loc": 0.5476074905064103,
        "scale": 0.26028431960713494
    },
    "cell_definitions.cell_definition.custom_data.w_anti_Caspase8": {
        "min": 0.0079996234,
        "max": 0.97375549,
        "loc": 0.507239823648718,
        "scale": 0.2882521929327938
    },
    "cell_definitions.cell_definition.custom_data.w_anti_Caspase9": {
        "min": 0.0225894361,
        "max": 0.9501554967,
        "loc": 0.542595997398718,
        "scale": 0.26376236668413866
    },
    "cell_definitions.cell_definition.custom_data.max_apoptosis_rate": {
        "min": 0.0010917819,
        "max": 0.0086026815,
        "loc": 0.004233194870512821,
        "scale": 0.0025788536981701466
    },
    "user_parameters.new_intracellular_dt": {
        "min": 1.7013000019,
        "max": 37.3115831691,
        "loc": 16.019164461397434,
        "scale": 10.934905702673138
    },
    "user_parameters.new_scaling": {
        "min": 86.3725827098,
        "max": 963.9617286932,
        "loc": 543.4256808380936,
        "scale": 238.18572933715132
    },
    "cell_definitions.cell_definition.custom_data.response_rate_apoptosis": {
        "min": 1.629436163,
        "max": 98.8097562643,
        "loc": 54.25914052502563,
        "scale": 26.486387038953772
    },
    "cell_definitions.cell_definition.custom_data.response_rate_growth": {
        "min": 1.2991920068,
        "max": 98.7293231347,
        "loc": 49.12695041207435,
        "scale": 27.710285197278285
    },
    "user_parameters.drug_X_diffusion_coefficient": {
        "min": 6.0,
        "max": 6000.0,
        "loc": 1.0,
        "scale": 50.0
    },
    "user_parameters.drug_Y_diffusion_coefficient": {
        "min": 6.0,
        "max": 6000.0,
        "loc": 1.0,
        "scale": 50.0
    },
    "user_parameters.drug_X_pulse_period": {
        "min": 4.0,
        "max": 4000.0,
        "loc": 1280.0,
        "scale": 1280.0
    },
    "user_parameters.drug_Y_pulse_period": {
        "min": 4.0,
        "max": 4000.0,
        "loc": 1280.0,
        "scale": 1280.0
    }
}